{"average_fitness": 0.7737680203124999, "_step": 0, "_runtime": 78.85263204574585, "_timestamp": 1606211356.227838, "average_grnsize": 15.5}
