{"average_fitness": 0.53486354375, "_step": 0, "_runtime": 32.77923512458801, "_timestamp": 1606216166.528213, "average_grnsize": 5.0}
