{"average_fitness": 0.5143143796875, "_step": 0, "_runtime": 3755.7587468624115, "_timestamp": 1606216085.762055, "average_grnsize": 12.9}
