{"average_fitness": 0.5083877718750001, "_step": 0, "_runtime": 36.76181697845459, "_timestamp": 1606216203.268634, "average_grnsize": 5.0}
