{"average_grnsize": 5.0, "_runtime": 8692.003316164017, "average_fitness": 0.46387467187500003, "high": 0, "fitness_robustness": 0.28, "expression_robustness": 0.28, "low": 0, "benefitial_mutation": 0.2777777777777778, "_step": 9, "_timestamp": 1606740920.7919161, "deleterious_mutation": 0.7222222222222222, "spec": 0, "gen": 1}
