{"average_fitness": 0.5271046578124998, "_step": 0, "_runtime": 190.10975003242493, "_timestamp": 1606211546.326519, "average_grnsize": 5.3}
