{"average_fitness": 0.5710602953124999, "_step": 0, "_runtime": 131.4291489124298, "_timestamp": 1606212289.243574, "average_grnsize": 5.3}
