{"average_fitness": 0.548368609375, "_step": 0, "_runtime": 12.218855857849121, "_timestamp": 1606211250.882827, "average_grnsize": 5.1}
