{"average_fitness": 0.629391215625, "_step": 0, "_runtime": 7.143370866775513, "_timestamp": 1606211258.015627, "average_grnsize": 5.0}
