{"average_fitness": 0.660309075, "_step": 0, "_runtime": 77.06604504585266, "_timestamp": 1606211623.380098, "average_grnsize": 5.1}
