{"average_grnsize": 5.0, "_runtime": 1.5170419216156006, "average_fitness": 0.4728193390624999, "high": 0, "fitness_robustness": 0.28, "expression_robustness": 0.28, "low": 1, "benefitial_mutation": 0.2222222222222222, "_step": 9, "_timestamp": 1606741021.302007, "deleterious_mutation": 0.7777777777777778, "spec": 0, "gen": 0}
