{"average_fitness": 0.527378440625, "_step": 0, "_runtime": 129.27369379997253, "_timestamp": 1606211238.678113, "average_grnsize": 5.0}
