{"average_grnsize": 5.0, "_runtime": 1.847254991531372, "average_fitness": 0.496794621875, "high": 0, "fitness_robustness": 0.38, "expression_robustness": 0.38, "low": 0, "benefitial_mutation": 0.1935483870967742, "_step": 9, "_timestamp": 1606740936.505471, "deleterious_mutation": 0.8064516129032258, "spec": 0, "gen": 1}
