{"average_fitness": 0.60456863125, "_step": 0, "_runtime": 19.380037784576416, "_timestamp": 1606211277.384956, "average_grnsize": 5.0}
