{"average_fitness": 0.5422949484374999, "_step": 0, "_runtime": 48.014562129974365, "_timestamp": 1606216133.759454, "average_grnsize": 5.0}
